id,fa_text,hac_translation,voice_file_id,user_id,translated_at,status,variations,channel_message_id,edit_open_public,edit_claim_user_id,last_editor_id
30005,امروز هوا خوب است,,,,,approved,[],,False,,
614,من عاشقش شدم,,,,,approved,[],,False,,
30003,نمیدانم,,,,,approved,[],,False,,
666,هيچوقت فراموشش نميکنم.,,,,,approved,[],,False,,
525,ببرش توي هلکوپتر,,,,,approved,[],,False,,
565,داريم مي کنيم,,,,,approved,[],,False,,
30004,ةريالٍءفبلتنم,,,,,approved,[],,False,,
948,خيلي داره ديرم ميشه.,,,,,approved,[],,False,,
19027,جواب بده- اوه-,,,,,approved,[],,False,,
19518,تو منو داري|,,,,,approved,[],,False,,
21828,به جنگ تو,,,,,approved,[],,False,,
22984,تو دزدي *,,,,,approved,[],,False,,
23196,پایان بخش اول,,,,,approved,[],,False,,
24573,پدر زن عزیزم,,,,,approved,[],,False,,
26407,نه ، مايک,,,,,approved,[],,False,,
28241,شرعیات ِ سرخ,,,,,approved,[],,False,,
28330,کي نفع ميبره؟,,,,,approved,[],,False,,
28456,یک غربی شرقی,,,,,approved,[],,False,,
28812,گولم ، گولم,,,,,approved,[],,False,,
11,بهت قول میدم.,,,,,approved,[],,False,,
1,می‌خوای به بابات زنگ بزنی؟,,,,,approved,[],,False,,
2,آره، می‌خوام بهش بگم حالم خوبه .,,,,,approved,[],,False,,
3,"""لیزی"" مراقب شوهرت باش.",,,,,approved,[],,False,,
4,من فقط می‌تونم به سمت حقیقت راهنمایی‌ت کنم.,,,,,approved,[],,False,,
5,نمی‌تونم کاری کنم که باورت بشه.,,,,,approved,[],,False,,
6,"خودشو ""جولین پارکر"" معرفی می‌کنه.",,,,,approved,[],,False,,
7,"""الیزابت کین"" همسرت نیست، هدفته.",,,,,approved,[],,False,,
8,و حالا آماده‌ام که گوش کنم.,,,,,approved,[],,False,,
9,فهمیدن اینکه کی هست و برای کی کار می‌کنه.,,,,,approved,[],,False,,
10,بقیه‌اش رو بعدا می‌فهمیم.,,,,,approved,[],,False,,
29951,، لئو ، یادت باشه پیش از اینکه بریم اپرا . شام رو با ما باشی,,,,,approved,[],,False,,
29960,. اسکی با بارون فیلیکس,,,,,approved,[],,False,,
12,چه مشکلی پیش اومد؟,,,,,approved,[],,False,,
13,ازش دور شین!,,,,,approved,[],,False,,
14,ازش دور شین !,,,,,approved,[],,False,,
15,آمبولانس خبر کن!,,,,,approved,[],,False,,
16,نباید اینجا رو ترک کنه.,,,,,approved,[],,False,,
17,قلبش دیگه نمیزنه.,,,,,approved,[],,False,,
18,نمی‌تونه از اینجا بره.,,,,,approved,[],,False,,
19,باید بریم بیمارستان .,,,,,approved,[],,False,,
20,گفتم نمی‌تونی بری.,,,,,approved,[],,False,,
21,شنیدی چی گفتم؟,,,,,approved,[],,False,,
22,قلبش از کار افتاده .,,,,,approved,[],,False,,
23,گفتم نه .,,,,,approved,[],,False,,
24,باید بریم بیمارستان.,,,,,approved,[],,False,,
25,همین الان باید بریم بیمارستان.,,,,,approved,[],,False,,
26,محموله منتقل شده، در راهیم.,,,,,approved,[],,False,,
27,دوازده سی‌سی اپینفرین.,,,,,approved,[],,False,,
28,بزرگش کن و دوباره پخشش کن.,,,,,approved,[],,False,,
29,ببین، اون چیه؟,,,,,approved,[],,False,,
30,جلوشونو بگیرین، آمبولانس رو نگه دارید.,,,,,approved,[],,False,,
31,داری دنبال چی میگردی؟,,,,,approved,[],,False,,
32,در رو باز کن.,,,,,approved,[],,False,,
33,عجله کن در رو باز کن.,,,,,approved,[],,False,,
34,به آدرنالین بیشتری نیاز داریم.,,,,,approved,[],,False,,
35,جلوی دهنش رو بگیر.,,,,,approved,[],,False,,
36,چیزی نیست، چیزی نیست.,,,,,approved,[],,False,,
37,حالت خوب میشه.,,,,,approved,[],,False,,
38,حالت خوب میشه، استراحت کن.,,,,,approved,[],,False,,
39,تا صبح میرسی آمریکا.,,,,,approved,[],,False,,
40,به واشنگتن دی‌سی می‌بریمت.,,,,,approved,[],,False,,
41,میدونی که زندانی کجا قرار بود منتقل بشه؟,,,,,approved,[],,False,,
42,باشه ترتیبش رو میدیم.,,,,,approved,[],,False,,
43,داریم برمی‌گردیم واشنگتن.,,,,,approved,[],,False,,
44,از مورد مفقودی به تحقیقات قتل تبدیل شده؟,,,,,approved,[],,False,,
45,و تو کلیدهای منو ندیدی؟,,,,,approved,[],,False,,
46,دیوانگیه، مگه نه؟,,,,,approved,[],,False,,
47,آره، چی شده؟,,,,,approved,[],,False,,
48,پلیس میگه که یه مظنون دارند.,,,,,approved,[],,False,,
49,امکانش نیست که همونطور که گفته بود شهر رو ترک کرده باشه؟,,,,,approved,[],,False,,
50,"رفته باشه به ""دیتون""؟",,,,,approved,[],,False,,
51,خونی رو پیدا کردن که متعلق به اون بوده.,,,,,approved,[],,False,,
52,تو هر روز اینجور چیزها رو می‌بینی.,,,,,approved,[],,False,,
53,مردم صدمه می‌بینند و کشته میشن و من دوست ندارم.,,,,,approved,[],,False,,
54,که تا جایی که می‌تونی مراقب باشی.,,,,,approved,[],,False,,
55,کنار کامپیوتر، کلیدهات رو اونجا دیدم.,,,,,approved,[],,False,,
56,خیلی داره دیرم میشه.,,,,,approved,[],,False,,
57,باید برای خودم برگه تاخیر پر کنم.,,,,,approved,[],,False,,
58,زیر روزنامه بودن.,,,,,approved,[],,False,,
59,بدون تو باید چه کار می‌کردم؟,,,,,approved,[],,False,,
60,باید سریع برم.,,,,,approved,[],,False,,
61,امشب برای شام بیا بریم همون رستوران تایلندی ــه.,,,,,approved,[],,False,,
62,میدونه که یه اتفاقی داره می‌افته.,,,,,approved,[],,False,,
63,چرا همچین فکری میکنی؟,,,,,approved,[],,False,,
64,می‌تونم حسش کنم.,,,,,approved,[],,False,,
65,"""تام"" داره سخت تعقیبت میکنه.",,,,,approved,[],,False,,
66,رفتارش نامنظم شده.,,,,,approved,[],,False,,
67,"""جولین پارکر"" رو کشته.",,,,,approved,[],,False,,
68,چرا بهم نگفتی؟,,,,,approved,[],,False,,
69,حس کردم اگر بهت بگم طوری رفتار میکنی که تو رو لو میده.,,,,,approved,[],,False,,
70,و گزارش مفقودی دادم.,,,,,approved,[],,False,,
71,"به تو و ""تام"" میرسن و همینطور هم شد.",,,,,approved,[],,False,,
72,‎‌کارشون در چه حدی بوده، نمی‌دونم.,,,,,approved,[],,False,,
73,اگر با اون کار میکرده چرا اونو کشته؟,,,,,approved,[],,False,,
74,شاید بهش دستور داده بودن.,,,,,approved,[],,False,,
75,ترسیده و واکنش نشون داده.,,,,,approved,[],,False,,
76,و فرصت ما در منتظر موندن و تماشا کردن وجود داره.,,,,,approved,[],,False,,
77,"اما ""تام"" دلیل اینجا اومدنم نیست.",,,,,approved,[],,False,,
78,می‌ترسم که یه اتفاق دیگه همین الان در جریان باشه.,,,,,approved,[],,False,,
79,"برادران ""پاولوویچ"" برگشتن.",,,,,approved,[],,False,,
80,که دختر ژنرال رو دزدیدند.,,,,,approved,[],,False,,
81,در طول کشتار نژادی در جنگهای یوگسلاوی بوده.,,,,,approved,[],,False,,
82,اون روز شش نفر رو از دست دادیم.,,,,,approved,[],,False,,
83,"برادران ""پاولوویچ"" اهداف سیاسی ندارن.",,,,,approved,[],,False,,
153,چرا قبلا اینو ندیده بودم؟,,,,,approved,[],,False,,
84,تا آدمربایی و اخاذی برای بدست اوردن مخالفان سیاسی ــه.,,,,,approved,[],,False,,
85,"""ردینگتون"" میگه یه رابط داره.",,,,,approved,[],,False,,
86,"به دنبال یه دانشمند چینی به اسم ""شاوپینگ لی"" هستن.",,,,,approved,[],,False,,
87,در موردش چی میدونیم؟,,,,,approved,[],,False,,
88,"که در استان ""یونان"" قرار داره.",,,,,approved,[],,False,,
89,که در زمینه بیماریهای میکروبی و ویروسی تخصص داره.,,,,,approved,[],,False,,
90,که می‌خواد در مورد برنامه سلاحهای مخفی صحبت کنه.,,,,,approved,[],,False,,
91,یک ماه بعد به خاطر خیانت زندانی شد.,,,,,approved,[],,False,,
92,تا ازش بازجویی بشه .,,,,,approved,[],,False,,
93,"که برادران ""پاولوویچ"" تا حالا از مسیر باخبر شدن.",,,,,approved,[],,False,,
94,خب، پس مسیرش رو عوض می‌کنیم میاریمش اینجا.,,,,,approved,[],,False,,
95,"کارهای لازم رو با ""لانگلی"" هماهنگ کن.",,,,,approved,[],,False,,
96,"از ""اکو به تانگو"" محموله به نقطه مورد نظر رسیده.",,,,,approved,[],,False,,
97,30 ثانیه تا حرکت.,,,,,approved,[],,False,,
98,از این طرف، سریع .,,,,,approved,[],,False,,
99,چه خبر شده؟,,,,,approved,[],,False,,
100,بهم گفتن وقتی که برسم جام امنه.,,,,,approved,[],,False,,
101,یه تهدید خیلی جدی داریم که تو رو هدف گرفته.,,,,,approved,[],,False,,
102,برای احتیاط مسیر رو عوض کردیم.,,,,,approved,[],,False,,
103,ببرینش توی هلی‌کوپتر.,,,,,approved,[],,False,,
104,"""دونالد رسلر"" پلیس فدرال.",,,,,approved,[],,False,,
105,انتقال از طریق زمینی باید انجام بشه .,,,,,approved,[],,False,,
106,ممکن نیست .,,,,,approved,[],,False,,
107,محموله لو رفته.,,,,,approved,[],,False,,
108,نیروی کمکی خبر کن.,,,,,approved,[],,False,,
109,خیله خب، دریافت شد.,,,,,approved,[],,False,,
110,"یه وسیله هوایی در دو مایلی بیرون ""کرافتون"" در حال سوختنه.",,,,,approved,[],,False,,
111,هیچ شاهدی روی زمین نیست.,,,,,approved,[],,False,,
112,نیروها در راهند.,,,,,approved,[],,False,,
113,تبدیل به آشفال شده باشه .,,,,,approved,[],,False,,
114,از نیروی پشتیبان هوایی استفاده می‌کننن.,,,,,approved,[],,False,,
115,این افراد از داخل کشور حمایت نمی‌شدن.,,,,,approved,[],,False,,
116,براشون خبرچینی میشد و خودشون هم مخفیانه کارشون رو انجام میدن.,,,,,approved,[],,False,,
117,باید با مرکز تماس بگیریم، عکسشون رو همه جا بفرست.,,,,,approved,[],,False,,
118,چرا رئیس سازمان اطلاعات با من تماس میگیره؟,,,,,approved,[],,False,,
119,چی رو در مورد این پرونده نمیدونم؟,,,,,approved,[],,False,,
120,که تقریبا بوسیله هر کشوری روی زمین منع شده.,,,,,approved,[],,False,,
121,بهش میگن مه سفید.,,,,,approved,[],,False,,
122,که میگفت به طراحی‌ها دسترسی داره.,,,,,approved,[],,False,,
123,بزرگترین افشای اطلاعاتی در دهه اخیر میشد.,,,,,approved,[],,False,,
124,برنامه جنگ افزار میکروبی؟,,,,,approved,[],,False,,
125,نمی‌تونن این موضوع رو جهانی کنن.,,,,,approved,[],,False,,
126,"برادرها، ""شاوپینگ لی"" رو بردن.",,,,,approved,[],,False,,
127,از کجا میدونی؟,,,,,approved,[],,False,,
128,شوهرت مدرسه نیست .,,,,,approved,[],,False,,
129,بیا خیابون نهم منو ببین.,,,,,approved,[],,False,,
130,"""ردینگتون"" میگه که یه ردی از برادرها داره.",,,,,approved,[],,False,,
131,می‌خواد صحبت کنه.,,,,,approved,[],,False,,
132,بهم خبر بدین که مرکز ملی امنیت حمل‌ونقل در مورد هلی‌کوپتر سقوط کرده چی میگه.,,,,,approved,[],,False,,
133,امروز صبح زنگ زده به مدرسه گفته بیماره.,,,,,approved,[],,False,,
134,"در بانک ""رادفورد"" در ""آدامز مورگان"" توقف کرده.",,,,,approved,[],,False,,
135,سه تا تماس از تلفن عمومی گرفته.,,,,,approved,[],,False,,
136,نزدیک به یک ساعته که اونجا نشسته.,,,,,approved,[],,False,,
137,باید خیلی سخت باشه.,,,,,approved,[],,False,,
138,می‌خوای بدونی چقدر سخته؟,,,,,approved,[],,False,,
139,دستم رو بذارم رو گلوش.,,,,,approved,[],,False,,
140,نباید تعقیبش کنیم؟,,,,,approved,[],,False,,
141,تعقیبش می‌کنیم .,,,,,approved,[],,False,,
142,همه اونا برای تو کار می‌کنن.,,,,,approved,[],,False,,
143,چقدر مونده قایق برسه؟,,,,,approved,[],,False,,
144,نه، نه خواهش می‌کنم، نه.,,,,,approved,[],,False,,
145,توی اتاق غذاخورییم.,,,,,approved,[],,False,,
146,اینو از کجا اوردی؟,,,,,approved,[],,False,,
147,می‌خواستم همین سوالو از تو بپرسم.,,,,,approved,[],,False,,
148,توی زیرزمین پیداش کردم.,,,,,approved,[],,False,,
149,پس اونجا بود.,,,,,approved,[],,False,,
150,پدرم بهم دادتش.,,,,,approved,[],,False,,
151,خیلی هم خوب کار میکنه.,,,,,approved,[],,False,,
152,تقریبا نو به نظر میرسه.,,,,,approved,[],,False,,
154,دیگت داره سر میره.,,,,,approved,[],,False,,
155,داری آشپزی میکنی؟,,,,,approved,[],,False,,
156,فکر کردم قراره بریم رستوران تایلندی.,,,,,approved,[],,False,,
157,خونه بمونیم، فقط تو و من.,,,,,approved,[],,False,,
158,روزت چطور بود؟,,,,,approved,[],,False,,
159,"""بیلی سالتر"" رو می‌شناسی؟",,,,,approved,[],,False,,
160,فقط برای اینکه دنبال یه کتاب در مورد بچه‌ها بگردم.,,,,,approved,[],,False,,
161,می‌تونم قسم بخورم که تو رو اونجا دیدم.,,,,,approved,[],,False,,
162,یه زنی اونجا بود که خیلی شبیه‌ت بود.,,,,,approved,[],,False,,
163,نه، ای کاش می‌تونستم برم اونجا، تمام روز توی اداره بودم.,,,,,approved,[],,False,,
164,نصف خوشگلی الان تو رو داشته باشه.,,,,,approved,[],,False,,
165,خیله خب، هم بزن.,,,,,approved,[],,False,,
168,کجا داری میری؟,,,,,approved,[],,False,,
169,آره، پسر خوب، آره پسر خوب.,,,,,approved,[],,False,,
170,آره پسر خوب.,,,,,approved,[],,False,,
171,الان برمی‌گردم بیا رفیق .,,,,,approved,[],,False,,
172,چه پسر خوبی.,,,,,approved,[],,False,,
173,یه پسر خوب، آره،آره،آره.,,,,,approved,[],,False,,
174,به کجا وصلتون کنم؟,,,,,approved,[],,False,,
175,یه مشکلی با حسابم داشتم.,,,,,approved,[],,False,,
176,خط امنه، ادامه بده.,,,,,approved,[],,False,,
177,هدف خبردار شده.,,,,,approved,[],,False,,
178,تقاضای خروج فوری رو دارم.,,,,,approved,[],,False,,
179,شوهرت هیچوقت وجود نداشته.,,,,,approved,[],,False,,
439,همين الان بايد بريم بيمارستان,,,,,approved,[],,False,,
180,"""لیزی"" درک می‌کنم که چرا امروز رفتی دنبال ""تام"".",,,,,approved,[],,False,,
181,اما غریزه‌ات اینجا به نفعت تموم نشد.,,,,,approved,[],,False,,
182,خشونت و خیانت وحشتناکی داشته باشی.,,,,,approved,[],,False,,
183,"اما این موضوع برای ""تام"" کاری بوده.",,,,,approved,[],,False,,
184,میدونی که دیشب باهم خوابیدیم؟,,,,,approved,[],,False,,
185,میدونی که چقدر احساس حقارت کردم؟,,,,,approved,[],,False,,
186,تا به مرحله بعد برسی .,,,,,approved,[],,False,,
187,من عاشقش شدم .,,,,,approved,[],,False,,
188,باهاش ازدواج کردم.,,,,,approved,[],,False,,
189,هیجان داشتم که ازش بچه‌دار بشم.,,,,,approved,[],,False,,
190,کسی که منو خوشحال میکرد، کسی که باهاش احساس امنیت داشتم.,,,,,approved,[],,False,,
191,همه اینا برای من چی بودن؟,,,,,approved,[],,False,,
192,بدتر از یک توهم، یک دروغ.,,,,,approved,[],,False,,
193,درست جلوی چشمام و من نمی‌دیدمش.,,,,,approved,[],,False,,
194,ققط باور می‌کردم.,,,,,approved,[],,False,,
195,بهت اجازه میده دوباره خودتو پیدا کنی.,,,,,approved,[],,False,,
196,و این کار رو با کمک تو یا بدون کمک تو انجام میدم.,,,,,approved,[],,False,,
197,این پرونده، به یه سرنخ نیاز دارم.,,,,,approved,[],,False,,
198,باید بفهمی که کجا بودن.,,,,,approved,[],,False,,
199,هلی‌کوپتر کلید حل مسئله‌ست.,,,,,approved,[],,False,,
200,تا دی‌ان‌ای، اثرانگشت رو پنهان کنن.,,,,,approved,[],,False,,
201,اما هلی‌کوپتر چی؟,,,,,approved,[],,False,,
202,شماره روی دم جعلیه و خود هلی‌کوپتر هم که دوباره رنگ شده بود.,,,,,approved,[],,False,,
203,این کاری که کردن اما کجا این کار رو انجام دادن؟,,,,,approved,[],,False,,
204,امکانش هست تحلیل جرم‌شناسی عمیقتری انجام بدیم؟,,,,,approved,[],,False,,
205,چه ذراتی در اثر گرما تغییر کردن؟,,,,,approved,[],,False,,
206,در کمپرسور هلی‌کوپتر رطوبت وجود داشته؟,,,,,approved,[],,False,,
207,میرم سراغ بخش جرم‌شناسی.,,,,,approved,[],,False,,
208,هر قطره سوخت رو بررسی کنید.,,,,,approved,[],,False,,
209,رد هر دونه شن رو بگیرید.,,,,,approved,[],,False,,
210,می‌خوام بدونم اون هلی‌کوپتر کجا بوده.,,,,,approved,[],,False,,
211,متاسفم مرد، اجاره‌ای نیست.,,,,,approved,[],,False,,
212,"سلام ""سمیر"" خلاصه میگم و میرم سر اصل مطلب.",,,,,approved,[],,False,,
213,که بیرون مرکز اسناد ملی سوارش کردی.,,,,,approved,[],,False,,
214,باید پول رو قبول میکردی.,,,,,approved,[],,False,,
215,مسافرت، کجا پیادش کردی؟,,,,,approved,[],,False,,
216,"اسمش ""سیندی"" یا همچین چیزی بود.",,,,,approved,[],,False,,
217,هیچوقت لباس زیر نمی‌پوشید.,,,,,approved,[],,False,,
218,همیشه با قدم برداشتنش بالا و پایین می‌رفتن.,,,,,approved,[],,False,,
219,ببین، من که دارم حرف میزنم، همکاری میکنم.,,,,,approved,[],,False,,
220,و کارتهای اعتباریم کپی بگیری.,,,,,approved,[],,False,,
221,"""جفری پی.سیورز"" شاید سوالات بیشتری داشته باشیم.",,,,,approved,[],,False,,
222,خب، در مورد این کتاب بهم بگو.,,,,,approved,[],,False,,
223,بهت گفتم که برش میدارم و تحویلش میدم.,,,,,approved,[],,False,,
224,اسامی رو نمیدونم، یه پیام‌رسونم.,,,,,approved,[],,False,,
225,یه جور کد؟,,,,,approved,[],,False,,
226,چند بار از این جور تحویلها داشتی؟,,,,,approved,[],,False,,
227,این بار چهارم بود.,,,,,approved,[],,False,,
228,همه جاهایی که تحویل دادی رو برام بنویسی.,,,,,approved,[],,False,,
229,محل برداشتن و محل تحویل دادن.,,,,,approved,[],,False,,
230,خدای من، چی؟,,,,,approved,[],,False,,
231,"کتابخانه عمومی ""پاگوسا اسپرینگ""؟",,,,,approved,[],,False,,
232,"یه پمپ آب داشتم که در ""پارگوسا اسپرینگز"" خراب شد.",,,,,approved,[],,False,,
233,"طرف کوه ""بیچ"" مسیر ""ولف کریک"".",,,,,approved,[],,False,,
234,تا اینکه یه مرد نازنین در گاراژ محلی تعمیرش کرد.,,,,,approved,[],,False,,
235,"هیچوقت فراموشش نمی‌کنم. ""تریسی وودز"".",,,,,approved,[],,False,,
236,"تو که ""تریسی"" رو نمی‌شناسی؟",,,,,approved,[],,False,,
237,دوست دارم بدونم هنوزم داره پمپ آب تعمیر می‌کنه یا نه.,,,,,approved,[],,False,,
238,به هر حال همیشه یه خاطره خوب هست.,,,,,approved,[],,False,,
239,فهرست چی شد.,,,,,approved,[],,False,,
240,بسته چی میشه؟,,,,,approved,[],,False,,
241,یا هر کاری که افرادی که براشون کار می‌کنی ازت می‌خوان.,,,,,approved,[],,False,,
242,هرگز با هم حرف نزدیم.,,,,,approved,[],,False,,
243,یک کپی دیگه لطفا.,,,,,approved,[],,False,,
244,امیدوارم دکمه‌ای رو فشار ندی.,,,,,approved,[],,False,,
245,یکی دو دقیقه طول میکشه.,,,,,approved,[],,False,,
246,مطمئنی اونو نمی‌شناسی؟,,,,,approved,[],,False,,
247,"جلیقه چرمی، سبیل داره، ""تریسی وودز""؟",,,,,approved,[],,False,,
248,یه چیزی گیر اوردم.,,,,,approved,[],,False,,
249,"اما فکر کنم آقای ""ردینگتون"" خیلی چیزا میدونه.",,,,,approved,[],,False,,
250,به این نگاه کنید.,,,,,approved,[],,False,,
251,دو ترکیب مختلف درش وجود داشته.,,,,,approved,[],,False,,
252,"اولی ""اتوفن"" که به عنوان عاملی برای رسیده شدن تنباکو استفاده میشه.",,,,,approved,[],,False,,
253,و این چطور قرار به ما کمک کنه؟,,,,,approved,[],,False,,
254,یه نگاهی بنداز .,,,,,approved,[],,False,,
255,تولید تنباکو در این ناحیه خیلی زیاد افت کرده.,,,,,approved,[],,False,,
256,برای نکاشتن تنباکو به کشاورزان پول میده.,,,,,approved,[],,False,,
257,خیله خب، اما با این وجود مزارع تنباکو زیادی وجود داره.,,,,,approved,[],,False,,
258,موافقم که ما رو به ماده شیمیایی دوم میرسونه.,,,,,approved,[],,False,,
259,از این یکی استفاده میشه تا ذرت شیرین به عمل بیاد.,,,,,approved,[],,False,,
260,پس دنبال رد هر دوشون می‌گردیم؟,,,,,approved,[],,False,,
440,مورد رديف شد و در حال حرکته,,,,,approved,[],,False,,
261,اما بعدا به تاسیسات کاشت ذرت تغییر پیدا کرده.,,,,,approved,[],,False,,
262,و چندتا از این مزارع وجود داره؟,,,,,approved,[],,False,,
263,از اینها، 11 تا بیرون از برد سوختی این هلی‌کوپتر ــه.,,,,,approved,[],,False,,
264,دور از دید نگه داره و زیر ساختمان پنهان کنه.,,,,,approved,[],,False,,
265,اگر قرار بود شرط ببندم می‌گفتم همینجا رفتن.,,,,,approved,[],,False,,
266,همین نبش خیابونه، چند تا کوچه بالاتر.,,,,,approved,[],,False,,
267,و به اضافه اونایی که عمدا برای دیده شدن گذاشته شدن.,,,,,approved,[],,False,,
268,و اینجا همونیه که توی این فهرست بهت دادم؟,,,,,approved,[],,False,,
269,"آقای ""کین"" چند ساعت داخل بود؟",,,,,approved,[],,False,,
270,چهار ساعت پیش تا اینجا تعقیبش کردم.,,,,,approved,[],,False,,
271,"می‌خوای با ""سابوساوا"" تماس بگیرم؟",,,,,approved,[],,False,,
272,"اما توی ""اکوادور"" داره یه کاری انجام میده.",,,,,approved,[],,False,,
273,"برای بیرون کشیدن ""کین"" از اون جعبه بتونی چیه؟",,,,,approved,[],,False,,
274,"یه رد از ""شاوپینگ لی"" پیدا کردیم .",,,,,approved,[],,False,,
275,"کم"" در ""فلز چرچ"" نگه داشته میشه.",,,,,approved,[],,False,,
276,داریم یه تیم جمع می‌کنیم.,,,,,approved,[],,False,,
277,"نمی‌خوام در مورد ""تام"" باهات صحبت کنم.",,,,,approved,[],,False,,
278,تو نظر خودتو در مورد ادامه دادن داری منم نظر خودمو.,,,,,approved,[],,False,,
279,خودتو اذیت نکن.,,,,,approved,[],,False,,
280,"خودم از پس ""تام"" برمیام.",,,,,approved,[],,False,,
281,که این کار هیچ پاسخ و رضایتی در برنداره.,,,,,approved,[],,False,,
282,خب، من پیداش می‌کنم، مگه نه؟,,,,,approved,[],,False,,
283,ای کاش می‌تونستم خارج از این موضوع باهات صحبت کنم.,,,,,approved,[],,False,,
285,"من ""ریموند ردیگنتون"" هستم.",,,,,approved,[],,False,,
286,به این نگاه کن.,,,,,approved,[],,False,,
287,داریم به چی نگاه می‌کنیم؟,,,,,approved,[],,False,,
288,از اینجا برو.,,,,,approved,[],,False,,
289,بسته کار گذاشته شد.,,,,,approved,[],,False,,
290,برید سر موقعیت.,,,,,approved,[],,False,,
291,با شماره 3.,,,,,approved,[],,False,,
292,محموله در راهه.,,,,,approved,[],,False,,
293,داریم به سمت ماشینها میریم.,,,,,approved,[],,False,,
294,"دو تا ماشین، ""کین"" تو ماشین جلویی.",,,,,approved,[],,False,,
295,"""کین"" هنوزم داره فرار میکنه.",,,,,approved,[],,False,,
296,از جاده بندازش بیرون.,,,,,approved,[],,False,,
297,فکر کنم شبیه یه جور شماره سریال باشه.,,,,,approved,[],,False,,
298,یا عدد اتمی یه چیزی در جدول تناوبی.,,,,,approved,[],,False,,
299,چرا همچین فکر می‌کنی؟,,,,,approved,[],,False,,
300,"هم ""وی"" و هم ""جی"" داشته باشه ""آوگولنمو"".",,,,,approved,[],,False,,
301,نمیدونم معنیش چیه.,,,,,approved,[],,False,,
302,یه نوع سوپ ــه.,,,,,approved,[],,False,,
303,مرغ، زرده تخم مرغ و آب لیمو.,,,,,approved,[],,False,,
304,منم آشپزی می‌کنم.,,,,,approved,[],,False,,
305,"نکته اینه که شاید ""شاوپینگ لی"" یه پیغام برامون گذاشته.",,,,,approved,[],,False,,
306,چیزی پیدا نکردم .,,,,,approved,[],,False,,
307,"نمی‌تونم ""ردینگتون"" رو پیدا کنم .",,,,,approved,[],,False,,
308,برادرها چیه، مگه نه؟,,,,,approved,[],,False,,
309,"و حالا هم نمی‌تونیم ""ردینگتون"" رو پیدا کنیم؟",,,,,approved,[],,False,,
310,گول خوردیم .,,,,,approved,[],,False,,
311,"مستقیم به ""شاوپینگ لی"" میرسونتش.",,,,,approved,[],,False,,
312,اون زن میلیونها دلار می‌ارزه.,,,,,approved,[],,False,,
313,"میرم ""ردینگتون"" رو پیدا کنم و چند تا جواب بگیرم.",,,,,approved,[],,False,,
314,"""ردینگتون"" باید با من تماس بگیری، خواهش می‌کنم.",,,,,approved,[],,False,,
315,تو پرونده به کمک نیاز دارم.,,,,,approved,[],,False,,
316,"یه هدیه از طرف ""ردینگتون""، لذت ببر.",,,,,approved,[],,False,,
317,دو سال تلف شد.,,,,,approved,[],,False,,
318,دو سال گذشت.,,,,,approved,[],,False,,
319,با زندگی من چکار کردی؟,,,,,approved,[],,False,,
320,چطور تونستی این کار رو بکنی؟,,,,,approved,[],,False,,
321,کی همچین کاری میکنه؟,,,,,approved,[],,False,,
322,بقیه عمرت رو توی زندان بگذرونی.,,,,,approved,[],,False,,
323,نمی‌تونه کاری رو که تو با من کردی جبران کنه.,,,,,approved,[],,False,,
324,داشتم کارمو انجام میدادم .,,,,,approved,[],,False,,
325,این زندگی‌مون بود.,,,,,approved,[],,False,,
326,التماسم میکردی که بچه‌دار شیم.,,,,,approved,[],,False,,
327,دست از حرف زدن در مورد کارت بردار .,,,,,approved,[],,False,,
328,تو، این خونه، همه چیز دروغ بود.,,,,,approved,[],,False,,
329,زندگی من دروغ بود.,,,,,approved,[],,False,,
330,به همسرت چیزی بگو کسی که داره جلوت میمیره.,,,,,approved,[],,False,,
331,یه چیزی بگو.,,,,,approved,[],,False,,
332,موضوع در مورد اون کفش‌ها بود.,,,,,approved,[],,False,,
333,از اون موقع همه چیزو فهمیدم.,,,,,approved,[],,False,,
334,موضوع اون کفشهای چرمی قهوه‌ای بود.,,,,,approved,[],,False,,
335,سومین یا چهارمین قرارمون بود.,,,,,approved,[],,False,,
336,و تو مجبور بودی زود بری سرکار.,,,,,approved,[],,False,,
337,و وقتی که بیدار شدم، رفته بودی.,,,,,approved,[],,False,,
338,روی گردوخاک کفش من کشیدی.,,,,,approved,[],,False,,
339,قشنگترین کاری بود که دیده بودم.,,,,,approved,[],,False,,
340,میدونستم که تو رو دارم.,,,,,approved,[],,False,,
341,اما انجام دادم.,,,,,approved,[],,False,,
342,"فرمول ""ارشمیدس "".",,,,,approved,[],,False,,
343,"اون یارو که لخت میدوید و فریاد میزد ""یافتم"" رو می‌شناسی.",,,,,approved,[],,False,,
344,چرا باید یه فرمول ریاضی رو بنویسه؟,,,,,approved,[],,False,,
345,یا یه زبان که اونها متوجه نمی‌شن.,,,,,approved,[],,False,,
346,قایق‌ها آب رو جابه‌جا می‌کنن.,,,,,approved,[],,False,,
347,داره سعی میکنه بگه چطوری دارن از کشور خارجش می‌کنن.,,,,,approved,[],,False,,
348,با گارد ساحلی تماس بگیر.,,,,,approved,[],,False,,
349,به هر بندری در ساحل شرقی بفرست.,,,,,approved,[],,False,,
350,چی می‌خوای بهش بگی؟,,,,,approved,[],,False,,
351,"با ""شاولینگ لی"" به کجا رسیدیم؟",,,,,approved,[],,False,,
352,دارن سعی می‌کنن با کشتی از کشور خارجش کنن.,,,,,approved,[],,False,,
353,داریم لیست مسافران کشتی‌ها رو به دقت بررسی می‌کنیم.,,,,,approved,[],,False,,
354,"منتظر ""ردینگتون""م هنوز خبری ازش نشده.",,,,,approved,[],,False,,
355,"دارم بهت میگم ""کین"" از ما سوء استفاده کرده.",,,,,approved,[],,False,,
356,یادت میاد چکار کردن.,,,,,approved,[],,False,,
357,تو اون روز روی پل بودی.,,,,,approved,[],,False,,
358,وقتی اونا رو گرفتیم می‌خوام که اونجا باشی.,,,,,approved,[],,False,,
359,بعدا بهت زنگ میزنم.,,,,,approved,[],,False,,
360,تلاش خوبی بود.,,,,,approved,[],,False,,
361,"و بعد چی؟ ""شاوپینگ"" رو بگیری؟",,,,,approved,[],,False,,
362,یه معامله بزرگ بکنی؟,,,,,approved,[],,False,,
363,با رازهای اون معامله کنی؟,,,,,approved,[],,False,,
364,جنگ افزار میکروبی به درد من نمی‌خوره.,,,,,approved,[],,False,,
365,و برای استفاده کردن از پلیس فدرال؟,,,,,approved,[],,False,,
366,اگر سود زیادی برام نداشت.,,,,,approved,[],,False,,
367,اما مذاکرات یه طرفه بود.,,,,,approved,[],,False,,
368,"تنها کاری که تونستم بکنم گرفتن ""تام"" بود.",,,,,approved,[],,False,,
369,اگه چیزی میدونی بهم بگو .,,,,,approved,[],,False,,
370,فکر می‌کنیم که گذاشتنش توی محموله یه کشتی.,,,,,approved,[],,False,,
371,و مسیرهای کشتی‌رانی رو می‌گردیم .,,,,,approved,[],,False,,
372,"اون محموله نیست، ""لیزی "".",,,,,approved,[],,False,,
373,اون یه محموله غیرقانونیه.,,,,,approved,[],,False,,
374,یه عملیات قاچاق.,,,,,approved,[],,False,,
375,"مگر اینکه ""رولف سیسکو"" در موردش چیزی بدونه.",,,,,approved,[],,False,,
376,"به ""دونالد"" بگو بهش یه سری بزنه.",,,,,approved,[],,False,,
377,چرا اینقدر بهت علاقه داره؟,,,,,approved,[],,False,,
378,دختری بینتون برقراره؟,,,,,approved,[],,False,,
379,قرار بابایی بیاد؟,,,,,approved,[],,False,,
380,اون قراره منو وادار به حرف زدن بکنه؟,,,,,approved,[],,False,,
381,نه، اون نه.,,,,,approved,[],,False,,
382,من این کار رو می‌کنم.,,,,,approved,[],,False,,
383,"در مورد برادران ""پاولوویچ"" بهمون بگو.",,,,,approved,[],,False,,
384,برای کی کار می‌کنی؟,,,,,approved,[],,False,,
385,چیزی ندارم که بگم.,,,,,approved,[],,False,,
386,"لیز"" بیخیال"" .",,,,,approved,[],,False,,
387,جرات همچین کاری رو نداری.,,,,,approved,[],,False,,
388,بذارید بیام بیرون!,,,,,approved,[],,False,,
389,بذارید بیام بیرون.,,,,,approved,[],,False,,
390,ما آدم خوبهاییم.,,,,,approved,[],,False,,
391,انگشتم رو شکستی.,,,,,approved,[],,False,,
392,بهتره بخوای با صداقت شروع کنی.,,,,,approved,[],,False,,
393,"اینجا یه مثال از صداقت وجود داره ""تام"".",,,,,approved,[],,False,,
394,برای دو سال برام پنکیک درست میکردی.,,,,,approved,[],,False,,
395,از پنکیک متنفرم .,,,,,approved,[],,False,,
396,این یکی رو داشته باش.,,,,,approved,[],,False,,
397,نباید انگشت شصتش رو بشکنی.,,,,,approved,[],,False,,
398,یکی رو ببند به مچت و یکی دیگه رو ببند به نرده.,,,,,approved,[],,False,,
399,"نمی‌خوام بهت آسیب برسونم، ""لیز"".",,,,,approved,[],,False,,
400,کارم هیچوقت این نبوده که بهت صدمه بزنم.,,,,,approved,[],,False,,
401,من یکی از اون آدم خوبهام.,,,,,approved,[],,False,,
402,"""ردینگتون"" اون کسی که فکر می‌کنی نیست.",,,,,approved,[],,False,,
403,پیدات می‌کنم .,,,,,approved,[],,False,,
404,می‌تونم ثابتش کنم .,,,,,approved,[],,False,,
405,اون کلید که زیر چراغ بود، فهمیدم پیداش کردی.,,,,,approved,[],,False,,
406,"ببرش به بانک ""رادفورد"".",,,,,approved,[],,False,,
407,جعبه شماره 3929.,,,,,approved,[],,False,,
408,اون کسی که فکر می‌کنی نیست.,,,,,approved,[],,False,,
409,ازم می‌خوای که جلوش رو بگیرم؟,,,,,approved,[],,False,,
410,نه،بذار تعقیبش کنیم.,,,,,approved,[],,False,,
411,در مورد مه سفید بهم بگو.,,,,,approved,[],,False,,
412,که توسط دولت چین پنج سال پیش شروع شد.,,,,,approved,[],,False,,
413,"می‌خوای به من بگی که برای مامور ""کین"" چه اتفاقی افتاده؟",,,,,approved,[],,False,,
414,امروز کجا بود؟,,,,,approved,[],,False,,
415,و بهم نگو که نمیدونی.,,,,,approved,[],,False,,
416,"مسئله ""ردینگتون"" بود؟",,,,,approved,[],,False,,
417,مشکلی وجود داره؟,,,,,approved,[],,False,,
418,فکر می‌کنم تو خونه مشکل داره، قربان.,,,,,approved,[],,False,,
419,از دستش دادم.,,,,,approved,[],,False,,
420,تموم این مدت نذاشتی از جلوی چشمت دور بشه.,,,,,approved,[],,False,,
421,افرادت دارن تعقیبش می‌کنن.,,,,,approved,[],,False,,
422,همه اینها قراره چطوری تموم بشه؟,,,,,approved,[],,False,,
423,و بعد چیزی جدید شروع میشه.,,,,,approved,[],,False,,
424,"لیاقت بهترینها رو در زندگی داری ""لیز"".",,,,,approved,[],,False,,
425,تو رو بخندونه، کاری کنه عاشقش بشی.,,,,,approved,[],,False,,
426,چونکه لیاقت این رو داری.,,,,,approved,[],,False,,
427,و نتیجه‌اش رو می‌بینی.,,,,,approved,[],,False,,
428,بهش نزديک نشو,,,,,approved,[],,False,,
429,آمبولانس خبر کنين,,,,,approved,[],,False,,
430,نمي تونه از اينجا بره,,,,,approved,[],,False,,
431,تپش قلب نداره,,,,,approved,[],,False,,
432,نمي تونه بره,,,,,approved,[],,False,,
433,مي خوايم بريم بيمارستان,,,,,approved,[],,False,,
434,گفتم نمي تونين ببرينش,,,,,approved,[],,False,,
435,شنيدين چي گفتم!,,,,,approved,[],,False,,
436,قلبش کار نمي کنه !,,,,,approved,[],,False,,
437,گفتم نه !,,,,,approved,[],,False,,
438,بايد ببريمش بيمارستان,,,,,approved,[],,False,,
441,12سي سي آدرنالين,,,,,approved,[],,False,,
442,خواهشا برين ديگه,,,,,approved,[],,False,,
443,زوم کن و دوباره پخش کن,,,,,approved,[],,False,,
444,ببين ، اين چيه؟,,,,,approved,[],,False,,
445,نگهشون دارين اون آمبولانس رو نگه دارين!,,,,,approved,[],,False,,
446,دنبال چي مي گردي؟,,,,,approved,[],,False,,
447,درو باز کن,,,,,approved,[],,False,,
448,بجنب درو باز کن,,,,,approved,[],,False,,
449,آدرنالين بيشتري مي خوايم,,,,,approved,[],,False,,
450,در دهنش رو بگير,,,,,approved,[],,False,,
451,چيزي نيست چيزي نيست,,,,,approved,[],,False,,
452,ساکت چيزيت نيست چيزي نيست ، استراحت کن,,,,,approved,[],,False,,
453,صبح مي رسي آمريکا,,,,,approved,[],,False,,
454,داريم مي بريمت واشنگتون,,,,,approved,[],,False,,
455,کرايوو ، صربستان,,,,,approved,[],,False,,
456,مي دوني زنداني رو به کجا منتقل کردند؟,,,,,approved,[],,False,,
457,آه واشنگتون باشه رديفش مي کنيم,,,,,approved,[],,False,,
458,بايد صبر کنند,,,,,approved,[],,False,,
459,برمي گرديم واشنگتون,,,,,approved,[],,False,,
460,از کِي ماجراي جولين پارکر,,,,,approved,[],,False,,
461,از فرد مفقود شده به تحقيقات قتل رسيده؟,,,,,approved,[],,False,,
462,و کليدام رو نديدي؟,,,,,approved,[],,False,,
463,عجيبه مگه نه؟,,,,,approved,[],,False,,
464,پليس ميگه يه مظنون دارند,,,,,approved,[],,False,,
465,يعني امکانش نيست همينجور که خودش گفت از اينجا رفته باشه؟,,,,,approved,[],,False,,
466,رفته باشه ديتون؟,,,,,approved,[],,False,,
467,که با خونش مطابقت داره,,,,,approved,[],,False,,
468,که آدما زخمي و کُشته ميشن اما من نه,,,,,approved,[],,False,,
469,فقط بهم قول بده وقتي سر کاري تا مي توني مراقب خودت باشي,,,,,approved,[],,False,,
470,بغل کامپيوتر فکر کنم کليدات رو اونجا ديدم,,,,,approved,[],,False,,
471,خيلي دير مي کنم,,,,,approved,[],,False,,
472,بايد به خودم برگه جريمه دير کرد بدم,,,,,approved,[],,False,,
473,زير روزنامه بود,,,,,approved,[],,False,,
474,بدون تو من چه مي کردم آخه؟,,,,,approved,[],,False,,
475,امشب واسه شام بريم اون رستوران جديد تايلندي,,,,,approved,[],,False,,
476,مي دونه يه جاي کار مي لنگه,,,,,approved,[],,False,,
477,حس مي کنم مي شناسمش,,,,,approved,[],,False,,
478,تام به تقلا افتاده خارج از عرف ـش داره عمل مي کنه,,,,,approved,[],,False,,
479,جولين پارکر رو کُشته,,,,,approved,[],,False,,
480,چرا بهم نگفتي؟,,,,,approved,[],,False,,
481,فکر کردم اگه بهت بگم توي رفتارت باهاش نشون ميدي,,,,,approved,[],,False,,
482,خودم جسدش رو پيدا کردم به پليس زنگ زدم,,,,,approved,[],,False,,
483,و گزارش مفقودي دادم,,,,,approved,[],,False,,
484,مطمئن بودم در مسير تحقيقاتشون,,,,,approved,[],,False,,
485,ميان سراغ تو و تام که اومدند,,,,,approved,[],,False,,
486,تا چه حدي همکاري داشتنش رو ديگه نمي دونم,,,,,approved,[],,False,,
487,اگه باهم کار مي کردند چرا بايد مي کُشدتش؟,,,,,approved,[],,False,,
488,شايد دستور داشته,,,,,approved,[],,False,,
489,يا شايدم کنترلش رو از دست داده و احمقانه عمل کرده,,,,,approved,[],,False,,
490,از روي شک و عدم اعتماد بهش,,,,,approved,[],,False,,
491,دنبال برتري جستن مي گرده,,,,,approved,[],,False,,
492,و همين واسه ما فرصتيه براي منتظر موندن و پاييدنش,,,,,approved,[],,False,,
493,اما واسه تام نيومدم اينجا,,,,,approved,[],,False,,
494,يه قضيه اورژانسي پيش اومده,,,,,approved,[],,False,,
495,برادران پاولويچ برگشتند اينجا,,,,,approved,[],,False,,
496,برادران پاولويچ شماره هاي 119 تا 122,,,,,approved,[],,False,,
497,داري از گروهي که روي پل دختر ژنرال رو دزديد حرف مي زني,,,,,approved,[],,False,,
498,حين بيرون کردن نژاد ها توي جنگ يوگوسلاوي از گروه امنيتي ميلوسويچ مشتق شدند,,,,,approved,[],,False,,
499,اون روز 6 نفرمون رو از دست داديم,,,,,approved,[],,False,,
500,تا اونجايي که مي دونيم,,,,,approved,[],,False,,
501,برادران پاولويچ پيرو سياست خاصي نيستند,,,,,approved,[],,False,,
502,تخصصشون در ربودن سريع ـه,,,,,approved,[],,False,,
503,که دزدي و باج گيري و خارج کردن دشمنانشون رو شامل ميشه,,,,,approved,[],,False,,
504,ردينگتون ميگه يه رابط داره,,,,,approved,[],,False,,
505,يه پول شويي که واسه برادرا کار مي کنه گفته,,,,,approved,[],,False,,
506,دارن ميان دنبال يه دانشمند چيني به اسم ژيائوپنگ لي,,,,,approved,[],,False,,
507,چي ازش مي دونيم؟,,,,,approved,[],,False,,
508,سازمان يه گروه مخفي رو فرستاده,,,,,approved,[],,False,,
509,تا از يه اردوگاه کار سرّي توي استان يونآن بيارنش بيرون,,,,,approved,[],,False,,
510,که تخصصش در بيماري هاي ويروسي و ميکربي ـه,,,,,approved,[],,False,,
511,4ماه پيش به يکي از جاسوس هامون خبر داده,,,,,approved,[],,False,,
512,که مي خواد درباره يه برنامه ساخت سلاح مخفي حرف بزنه,,,,,approved,[],,False,,
513,يه ماه بعد به جرم خيانت به زندان افتاد,,,,,approved,[],,False,,
514,قراره کمتر از يه ساعت ديگه توي فرودگاه اندروز فرود بياد,,,,,approved,[],,False,,
515,و يه تيم آماده باش داريم که براي گزارش گرفتن ببرنش لنگلي,,,,,approved,[],,False,,
516,بايد اينجور فرض کنيم که برادران پاولويچ مي دونند مسيرش چيه,,,,,approved,[],,False,,
517,خب پس مسيرش رو تغيير ميديم مياريمش اينجا,,,,,approved,[],,False,,
518,تغيير برنامه رو با لنگلي هماهنگ کن,,,,,approved,[],,False,,
519,اکو به تانگو مورد رسيد,,,,,approved,[],,False,,
520,دريافت شد 30ثانيه تا محل,,,,,approved,[],,False,,
521,از اين طرف بيارينش ، بجنبين,,,,,approved,[],,False,,
522,بهم گفتند برسم اينجا جاـم امنه,,,,,approved,[],,False,,
523,خبر موثق داريم که دنبالت هستن,,,,,approved,[],,False,,
524,واسه احتياط مسير رو تغيير داديم,,,,,approved,[],,False,,
526,دونالد رسلر از اف.بي.آي مورد کجاست؟,,,,,approved,[],,False,,
527,انتقال زميني ترتيب داده شده,,,,,approved,[],,False,,
528,باشه دريافت شد,,,,,approved,[],,False,,
529,اَن راندال از دفتر کلانتر گزارش داد,,,,,approved,[],,False,,
531,هيچ شاهدي وجود نداره,,,,,approved,[],,False,,
532,مامورامون توي راه ـن بايد جاي دور انداختن هلکوپتر ـشون باشه,,,,,approved,[],,False,,
533,پروتکل کاري سي.آي.اي رو مي دونستند,,,,,approved,[],,False,,
534,که اگه مسير انتقال لو رفته باشه,,,,,approved,[],,False,,
535,کمک هوايي مي فرستند پايگاهشون اينجا نبوده,,,,,approved,[],,False,,
536,از يه جا ديگه اومدند و دوباره در ميرن,,,,,approved,[],,False,,
537,بايد با سازمان امنيت ملي همکاري کنيم و عکسشون رو همه جا پخش کنيم,,,,,approved,[],,False,,
538,بازرس مالک ، مي خواي بهم بگي,,,,,approved,[],,False,,
539,چرا رئيس سازمان اطلاعات زنگ زده؟,,,,,approved,[],,False,,
540,چيه اين پرونده رو نمي دونم؟,,,,,approved,[],,False,,
541,برنامه اي که لي درش کار مي کرده سلاح ميکروبي ـه,,,,,approved,[],,False,,
542,که تقريبا همه کشورها ممنوع ـش کردند,,,,,approved,[],,False,,
543,به مه سفيد معروفه,,,,,approved,[],,False,,
544,روز قبل از اينکه ژيائوپنگ زنداني بشه يه پيام مي فرسته,,,,,approved,[],,False,,
545,که به طراحي هاي سلاح دسترسي داره,,,,,approved,[],,False,,
546,اگه واقعا داشته بوده و بهمون مي داد,,,,,approved,[],,False,,
547,شاهکار اطلاعاتي اين دهه ميشد,,,,,approved,[],,False,,
548,برنامه سلاح جنگي ميکروبي؟,,,,,approved,[],,False,,
549,به خاطر همينه که چيني ها نمي تونند اين مسئله رو جهاني ـش کنند,,,,,approved,[],,False,,
550,ژيائوپنگ رو دزديدند؟,,,,,approved,[],,False,,
551,تو از کجا مي دوني؟,,,,,approved,[],,False,,
552,شوهرت مدرسه نيست وايسا ببينم ، چي؟,,,,,approved,[],,False,,
553,بيا تقاطع خيابون نهم و مجلس,,,,,approved,[],,False,,
554,ردينگتون ميگه يه سرنخ درباره برادرها داره مي خواد حرف بزنه,,,,,approved,[],,False,,
555,بهم خبر بدين کميته امنيت راه هاي کشور درباره هلکوپتر چي ميگه,,,,,approved,[],,False,,
556,زنگ زده گفته مريضه,,,,,approved,[],,False,,
557,قبل از اينکه بره بانک ردفورد توي خيابون آدامز مورگان ، يه سر رفته خونه,,,,,approved,[],,False,,
558,3تا تماس گرفته همشون از تلفن همگاني,,,,,approved,[],,False,,
559,يه ساعتي ميشه اونجا نشسته,,,,,approved,[],,False,,
560,مي دونم بايد برات سخت باشه,,,,,approved,[],,False,,
561,مي خواي بدوني چي سخته؟,,,,,approved,[],,False,,
562,اينجا بست نشستن در حالي که تنها کاري که مي خوام بکنم,,,,,approved,[],,False,,
563,قفل کردن دست هام دور گردنش ـه,,,,,approved,[],,False,,
564,نبايد دنبالش کنيم؟,,,,,approved,[],,False,,
566,همشون واسه تو کار مي کنند,,,,,approved,[],,False,,
567,چقدر وقت طول مي کشه؟,,,,,approved,[],,False,,
568,نه نه خواهش مي کنم نزن,,,,,approved,[],,False,,
569,توي ناهار خوري ـم,,,,,approved,[],,False,,
570,اينو از کجا آوردي؟,,,,,approved,[],,False,,
571,منم مي خواستم همين سوال رو ازت بکنم,,,,,approved,[],,False,,
572,توي زيرزمين پيداش کردم,,,,,approved,[],,False,,
573,پس اونجا بود دنبالش مي گشتم,,,,,approved,[],,False,,
574,پدرم بهم داد,,,,,approved,[],,False,,
575,خيلي هم خوب کار مي کنه انگار که تازه ساز باشه,,,,,approved,[],,False,,
576,چرا قبلا اينو نديدم؟,,,,,approved,[],,False,,
577,کتري ـت سر نره,,,,,approved,[],,False,,
578,غذا مي پزي؟,,,,,approved,[],,False,,
579,فکر کردم ميريم بيرون اون رستوران تايلندي,,,,,approved,[],,False,,
580,توي خونه بمونيم من و تو,,,,,approved,[],,False,,
581,امروز چطور بود؟,,,,,approved,[],,False,,
582,بيلي سالتر رو مي شناسي؟,,,,,approved,[],,False,,
583,دوباره حالش بد شده بود,,,,,approved,[],,False,,
584,چون مادرش بهش از اين اسنک ميوه اي ها ميده,,,,,approved,[],,False,,
585,اُه يه سر کتابخونه ملي هم رفتم,,,,,approved,[],,False,,
586,که شايد بتونم يه سفر تحقيقاتي واسه بچه ها رديف کنم,,,,,approved,[],,False,,
587,مي تونم قسم بخورم تو رو اونجا ديدم,,,,,approved,[],,False,,
588,يه زن اونجا بود که مو نمي زد با تو,,,,,approved,[],,False,,
589,نه اي کاش مي تونستم اونجا باشم تمام روز توي اداره گير کرده بودم,,,,,approved,[],,False,,
590,بايد مي دونستم,,,,,approved,[],,False,,
591,خب هر کي که بوده نمي تونسته نصف خوشگلي الان تو رو داشته باشه,,,,,approved,[],,False,,
592,خيله خب آشپزي رو ادامه بده,,,,,approved,[],,False,,
593,ميرم سگ رو راه ببرم,,,,,approved,[],,False,,
594,بيا رفيق هي هي بيا,,,,,approved,[],,False,,
595,هي هي کجا ميري؟,,,,,approved,[],,False,,
596,آره پسر خوبي هستي آره,,,,,approved,[],,False,,
597,زود برمي گردم بيا رفيق,,,,,approved,[],,False,,
598,بيا پسر خوب,,,,,approved,[],,False,,
599,پسر خوبي هستي آره آره,,,,,approved,[],,False,,
600,اداره مالي بانتام چه کمکي ازم برمياد؟,,,,,approved,[],,False,,
601,سلام ، حساب ـم به مشکل خورده,,,,,approved,[],,False,,
602,شماره دلتا سيرا 4 5 1,,,,,approved,[],,False,,
603,خط امنه ادامه بدين,,,,,approved,[],,False,,
604,"""مرغ"" ماجرا رو مي دونه درخواست خروج فوري رو دارم",,,,,approved,[],,False,,
605,هيچوقت شوهر ـت نبود,,,,,approved,[],,False,,
606,ليزي مي فهمم چرا امروز رفتي دنبال تام,,,,,approved,[],,False,,
607,اما اين رفتارا به کارـت نمياد,,,,,approved,[],,False,,
608,و از لحاظ عاطفي هم بايد برات خيانت و تجاوز به حريم ـت بوده باشه,,,,,approved,[],,False,,
609,اما واسه تام فقط کار بوده,,,,,approved,[],,False,,
610,مي دوني چند شب پيش سکس داشتيم؟,,,,,approved,[],,False,,
611,اصلا مي توني فکرشم بکني چه حس نکبتي بهم ميده؟,,,,,approved,[],,False,,
612,ليزي متاسفانه تا خرخره توي نکبت گير کردي,,,,,approved,[],,False,,
613,و بايد ازش عبور کني تا بتوني موفق بشي,,,,,approved,[],,False,,
615,باهاش ازدواج کردم,,,,,approved,[],,False,,
616,خوشحال بودم که مي خوايم باهم بچه داشته باشيم,,,,,approved,[],,False,,
617,تنها کسي بود توي زندگيم که انتخابش کردم و شاد ـم مي کرد ، که بهم احساس امنيت مي داد,,,,,approved,[],,False,,
618,اينا نشونگر چيه؟,,,,,approved,[],,False,,
619,همش دروغ بود,,,,,approved,[],,False,,
620,درست جلو چشمم بود اما من نديدمش,,,,,approved,[],,False,,
621,فقط زمان ـه که مي تونه توي پيدا کردن دوباره خودت کمک ـت کنه,,,,,approved,[],,False,,
622,پيداش مي کنم جواب هام رو ازش مي گيرم,,,,,approved,[],,False,,
623,و اين کارو چه با کمکت چه بدون کمکت مي کنم,,,,,approved,[],,False,,
624,براي پرونده سرنخ مي خوام,,,,,approved,[],,False,,
625,ليزي اگه مي خواي بفهمي برادران پاولويچ کجان,,,,,approved,[],,False,,
626,بايد بفهمي کجاها بودند,,,,,approved,[],,False,,
627,هلکوپتر کليد حل پرونده ـست,,,,,approved,[],,False,,
628,برادران پاولويچ اون هلکوپتر رو سوزوندند,,,,,approved,[],,False,,
629,دي.ان.اي و اثر انگشت,,,,,approved,[],,False,,
630,اينا ممکن بوده هويت برادرها رو لو بده,,,,,approved,[],,False,,
631,اما خود هلکوپتر چي؟,,,,,approved,[],,False,,
632,شماره هلکوپتر رو جعل کرده بودند و خود هلکوپتر رو رنگ زده بودند,,,,,approved,[],,False,,
633,اين کاري بوده که کردند اما کجا انجامش دادند؟,,,,,approved,[],,False,,
634,گزارش انگشت نگاري دقيق تري وجود داره که بشه بررسيش کنيم؟,,,,,approved,[],,False,,
635,چه ذراتي توي مبدل حرارتي ـش بوده؟,,,,,approved,[],,False,,
636,رطوبتي توي کمپرسور ـش بوده؟,,,,,approved,[],,False,,
637,ميرم سراغ انگشت نگاري,,,,,approved,[],,False,,
638,قطره قطره سوختشون رو بررسي کنين شن و ماسه ها رو بگردين,,,,,approved,[],,False,,
639,مي خوام بدونم اون هلکوپتر کجا بوده,,,,,approved,[],,False,,
640,شرمنده آقا سوار نمي کنم,,,,,approved,[],,False,,
641,سلام سمير کوتاه و مختصر ميگم,,,,,approved,[],,False,,
642,از کتابخونه ملي سوارش کردي,,,,,approved,[],,False,,
643,بايد پول رو مي گرفتي,,,,,approved,[],,False,,
644,کجا پياده کردي؟,,,,,approved,[],,False,,
645,اصلا نمي تونم بدون يادآوري اون استادي که توي دانشگاه بريستول داشتم به مشتق ها فکر کنم,,,,,approved,[],,False,,
646,سيندي نمي دونم چيچي,,,,,approved,[],,False,,
647,هيچوقت سينه بند نمي بست راه که مي رفت بالا پايين مي پريدند!,,,,,approved,[],,False,,
648,ببين دارم حرف مي زنم و همکاري مي کنم,,,,,approved,[],,False,,
649,ديگه لازم نيست از گواهينامه و کارت هاي اعتباري ـم کپي بگيريد,,,,,approved,[],,False,,
650,فقط مي خوايم بدونيم کجا مي تونيم پيدا ـت کنيم,,,,,approved,[],,False,,
651,جفري پي سيورز اگه سوالاي ديگه اي داشتيم,,,,,approved,[],,False,,
653,مي گيرم و ميرم ميدم بهش,,,,,approved,[],,False,,
654,اسمي نمي دونم من فقط پيک ـم,,,,,approved,[],,False,,
655,يه جور کُد؟,,,,,approved,[],,False,,
656,تحويل دادن‌هارو انجام دادي؟,,,,,approved,[],,False,,
657,اين چهارمين بار بود,,,,,approved,[],,False,,
658,ازت ميخوام موقعيت,,,,,approved,[],,False,,
659,هم موقعيت جايي که تحويل گرفتي، هم تحويل دادي,,,,,approved,[],,False,,
660,اوه خداي من.,,,,,approved,[],,False,,
661,کتابخونه عموميِ پاگوسا اسپرينگز؟,,,,,approved,[],,False,,
662,به پمپ آب داشتم که توي پاگوسا اسپرينگز خراب شد,,,,,approved,[],,False,,
663,تو مسير ولف کريک,,,,,approved,[],,False,,
664,فکر ميکردم با مردمان اون تپه کارم تمومه,,,,,approved,[],,False,,
665,تا اينکه اين آقاي چرم پوش شريف پمپم رو توي يه گاراژ محلي رديف کرد,,,,,approved,[],,False,,
667,تريسي رو نميشناسي، مگه نه؟,,,,,approved,[],,False,,
668,کنجکاوم بدونم هنوزم پمپ‌هاي آب رو تعمير ميکنه يا نه,,,,,approved,[],,False,,
669,بگذريم، اين خاطره هميشه برام دل‌انگيزه,,,,,approved,[],,False,,
670,خب، تمومه ديگه؟,,,,,approved,[],,False,,
671,بسته چي ميشه؟,,,,,approved,[],,False,,
672,ميتوني تحويلش بدي يا برگردونيش,,,,,approved,[],,False,,
673,يا هرکاري که آدمايي که باهاشون کار ميکني ازت ميخوان باهاش انجام بدي,,,,,approved,[],,False,,
674,و از اونجايي که پاي تو هم گيره،,,,,,approved,[],,False,,
675,ما هيچوقت اين گفتگو رو با هم نداشتيم,,,,,approved,[],,False,,
676,يه کپي لطفاً,,,,,approved,[],,False,,
677,اميدوارم عجله نداشته باشي,,,,,approved,[],,False,,
678,اين ممکنه يکي دو دقيقه طول بکشه,,,,,approved,[],,False,,
679,مطمئني اونو نميشناسي؟,,,,,approved,[],,False,,
680,يه چيزي گير آوردم,,,,,approved,[],,False,,
681,هيچوقت نمي‌خواستم اينقدر راجع به,,,,,approved,[],,False,,
682,رنگ‌نگاري گازي يا روغن چرخ دنده‌ها بدونم,,,,,approved,[],,False,,
683,ولي فکر ميکنم آقاي ردينگتون از يه چيزي خبر داره,,,,,approved,[],,False,,
684,ما گزارش‌هاي شوراي ايمني حمل و نقل رو گير آورديم,,,,,approved,[],,False,,
685,و آزمايشات روي موتور هلکوپتر واسه‌ي دو,,,,,approved,[],,False,,
686,ترکيب مختلف مثبت بود,,,,,approved,[],,False,,
687,اولي اتوفنِ که عامل رشد و به بار نشستنِ تنباکوئه,,,,,approved,[],,False,,
688,و اين چه کمکي بهمون ميکنه؟,,,,,approved,[],,False,,
689,توليدات تنباکو تو اين منطقه زيادي چشمگير نيست,,,,,approved,[],,False,,
690,در واقع، از سال 1998، دولت فدرال,,,,,approved,[],,False,,
691,واسه اينکه کشاورزان تنباکو کشت نکنن، بهشون دستمزد ميده,,,,,approved,[],,False,,
692,خيلي‌خب، با همه‌ي اينا هنوز يه عالمه زمين تنباکو وجود داره,,,,,approved,[],,False,,
693,موافقم، که همين موضوع مارو ميبره سراغ ترکيب دوم,,,,,approved,[],,False,,
694,اين يکي براي به عمل رسوندن ذرت شيرين استفاده ميشده,,,,,approved,[],,False,,
695,پس به هردو ارجاع مي‌شيم,,,,,approved,[],,False,,
696,ما دنبال يک توليدکننده آفت کش ميگرديم,,,,,approved,[],,False,,
697,که عمل آورنده تنباکو عرضه ميکرده,,,,,approved,[],,False,,
698,ولي حالا عمل آورنده ذرت عرضه ميکنه,,,,,approved,[],,False,,
699,و چندتا از اونا وجود داره؟,,,,,approved,[],,False,,
700,از اين تعداد.,,,,,approved,[],,False,,
701,11 تاش خارج از محدوده‌ي سوخت اين هلکوپتر هستن,,,,,approved,[],,False,,
702,از شش‌تاي ديگه،,,,,,approved,[],,False,,
703,فقط يکيشون به اندازه‌ي کافي بزرگه,,,,,approved,[],,False,,
770,فکر ميکني خوشحال ميشم,,,,,approved,[],,False,,
704,که بشه اون هلکوپتر دزديده شده رو,,,,,approved,[],,False,,
705,از ديد خارج کرد و روش تغييرات انجام داد,,,,,approved,[],,False,,
706,شيمي‌کشاورزي هاليفکس [هرنوع ماده شيميايي که باعث بهبود فراورده‌هاي کشاورزي ميشه],,,,,approved,[],,False,,
707,شرط ميبندم دقيقاً همونجان,,,,,approved,[],,False,,
708,هفت تا دوربين بيرون ساختمون ـه,,,,,approved,[],,False,,
709,و اين تعداد فقط دوربين‌هايي هستن که اونا ميخوان ما ببينيمشون,,,,,approved,[],,False,,
710,و اينجا هم جز اون ليستِ جاهاييِ که بهت دادم؟,,,,,approved,[],,False,,
711,آقاي کين چه مدتِ که داخل ـه؟,,,,,approved,[],,False,,
712,چهار ساعت پيش تا اينجا دنبالش کردم,,,,,approved,[],,False,,
713,خيلي هم خوب.,,,,,approved,[],,False,,
714,ميخواي به سابوساوا زنگ بزنم؟,,,,,approved,[],,False,,
715,اينم فکري ـه,,,,,approved,[],,False,,
716,ولي داره به يک حسابکشي تو اکوادور ميرسه,,,,,approved,[],,False,,
717,پس واسه بيرون کشيدن کين از اون,,,,,approved,[],,False,,
718,خونه چه نقشه‌اي داري؟,,,,,approved,[],,False,,
719,يه سرنخي از ژيائوپنگ لي پيدا کرديم,,,,,approved,[],,False,,
720,فکر ميکنيم توي شيمي‌کشاورزي هاليفکس,,,,,approved,[],,False,,
721,توي شهر فالز چرچ نگهش داشتن,,,,,approved,[],,False,,
722,داريم يه تيم جمع و جور ميکنيم,,,,,approved,[],,False,,
723,نمي‌خوام راجع به تام با تو صحبت کنم,,,,,approved,[],,False,,
724,تو شرايط و عقايد خودت رو واسه ادامه همکاري داري و منم همينطور,,,,,approved,[],,False,,
725,نمي‌خواد خودت رو خسته کني خودم به تام ميرسم,,,,,approved,[],,False,,
726,ليزي بهت اطمينان ميدم اينجوري,,,,,approved,[],,False,,
727,به جز سوالاي بي‌جواب و يکمي نارضايتي چيزي عايدت نميشه,,,,,approved,[],,False,,
728,خب ببينيم و تعريف کنيم,,,,,approved,[],,False,,
729,کاش ميتونستم از اينکار منصرفت کنم,,,,,approved,[],,False,,
730,بنده ريموند ردينگتون هستم,,,,,approved,[],,False,,
731,داريم به چي نگاه مي‌کنيم؟,,,,,approved,[],,False,,
732,بسته جاسازي شد.,,,,,approved,[],,False,,
733,حرکت به سمت موقعيت با شماره‌ي سه,,,,,approved,[],,False,,
734,اون چه کوفتي بود؟,,,,,approved,[],,False,,
735,داريم از ساختمون خارج ميشيم.,,,,,approved,[],,False,,
736,مورد با ماست.,,,,,approved,[],,False,,
737,داريم به سمت ماشين‌ها ميريم,,,,,approved,[],,False,,
738,کين تو جلوئي ـه,,,,,approved,[],,False,,
739,کين هنوز گير نيوفتاده,,,,,approved,[],,False,,
740,از جاده پرتش کن بيرون!,,,,,approved,[],,False,,
741,منظورم اينه، شبيه يه جور شماره سريال ـه,,,,,approved,[],,False,,
742,يه چيزي از جدول تناوبي,,,,,approved,[],,False,,
743,چرا همچين فکري ميکني؟,,,,,approved,[],,False,,
744,چون تنها کلمه‌اي که به ذهنم ميرسه که,,,,,approved,[],,False,,
745,"گ"" کنار هم اومده باشه آگولمونو ـه",,,,,approved,[],,False,,
746,يه سوپ ـه,,,,,approved,[],,False,,
747,تيکه‌هاي مرغ، زرده تخم‌مرغ و آبليمو,,,,,approved,[],,False,,
748,آشپزي هم مي‌کنم,,,,,approved,[],,False,,
749,مسئله اينه که شايد ژيائوپنگ لي واسون پيغام گذاشته,,,,,approved,[],,False,,
750,نوشته‌ي رو ديوار رو با دفتر ثبت حوزه‌ي وسايل نقليه موتوري چک ميکنم,,,,,approved,[],,False,,
751,ببينم چيزي که بدردمون بخوره پيدا ميکنم يا نه,,,,,approved,[],,False,,
752,نمي‌تونم ردينگتون رو گير بيارم,,,,,approved,[],,False,,
753,تو موقعيت جايي که برادرها,,,,,approved,[],,False,,
754,ژيائوپنگ لي رو نگه داشتن بهش گفتي، درسته؟,,,,,approved,[],,False,,
755,اين تصادف به اين واضحي که وقتي ما رفتيم اونجا، اونا رفته بودن,,,,,approved,[],,False,,
756,و حالا هم نمي‌تونيم ردينگتون رو گير بياريم نشدي؟,,,,,approved,[],,False,,
757,رد[قرمز] مارو گذاشته سر پرونده برادران پاولويچ چون مي‌دونسته,,,,,approved,[],,False,,
758,اين پرونده اونو مستقيماً به ژيائوپنگ لي ميرسونه,,,,,approved,[],,False,,
759,اون زن ميليون‌ها دلار ميارزه,,,,,approved,[],,False,,
760,داري کجا ميري؟,,,,,approved,[],,False,,
761,ميرن ردينگتون رو پيدا کنم و جواب چندتا سوال رو ازش بپرسم,,,,,approved,[],,False,,
762,ردينگتون، ازت ميخوام بهم زنگ بزني، لطفاً,,,,,approved,[],,False,,
763,واسه پرونده يکمي کمک لازم دارم,,,,,approved,[],,False,,
764,يه هديه از طرف ردينگتون، حالشو ببر,,,,,approved,[],,False,,
765,دوسال هدر رفت,,,,,approved,[],,False,,
766,دوسالي که ما گذرونديم.,,,,,approved,[],,False,,
767,با زندگيم چيکار کردي؟,,,,,approved,[],,False,,
768,چي به سرت اومد؟,,,,,approved,[],,False,,
769,کي ميتونست همچين کار بکنه؟,,,,,approved,[],,False,,
771,باقي عمرت رو تو زندان بگذروني,,,,,approved,[],,False,,
772,فکر ميکني ديگه راضي ميشم,,,,,approved,[],,False,,
773,نه محکوميت، نه مجازات، نه انتقام،,,,,,approved,[],,False,,
774,هيچکدوم هيچوقت نمي‌تونه کاري که تو کردي رو جبران کنه,,,,,approved,[],,False,,
775,داشتم وظيفه‌ام و کارم رو انجام ميدادم,,,,,approved,[],,False,,
776,اون زندگيمون بود!,,,,,approved,[],,False,,
777,تو واسه بچه‌دار شدن التماسم کردي,,,,,approved,[],,False,,
778,داشتم کارم رو انجام ميدادم,,,,,approved,[],,False,,
779,نميخواد اينقدر راجع به کارت حرف بزني,,,,,approved,[],,False,,
780,همه‌چيز يه دروغ بود,,,,,approved,[],,False,,
781,زندگيم يه دروغ بود,,,,,approved,[],,False,,
782,يه چيزي به زنت بگو، کسي که داره جلوي روت پرپر ميشه,,,,,approved,[],,False,,
783,يه چيزي بگو,,,,,approved,[],,False,,
784,داستان سر اون يه جفت کفش‌ بود,,,,,approved,[],,False,,
785,از اون موقع مي‌دونستم,,,,,approved,[],,False,,
786,داستان سر اون کفشاي چرم قهوه‌اي بود,,,,,approved,[],,False,,
787,سه يا شايدم چهارمين قرارمون بود,,,,,approved,[],,False,,
788,اومدي خونه‌ي من توي هال‌استيد,,,,,approved,[],,False,,
789,و يه فيلم کرايه کرده بوديم که هيچوقت هم تا آخرش نديديم,,,,,approved,[],,False,,
790,و تو مجبور بودي صبح زود واسه کار بيدار پاشي,,,,,approved,[],,False,,
791,و وقتي من بيدار شدم، تو رفته بودي,,,,,approved,[],,False,,
792,يادمه نيمه لخت جلوي کمد لباس وايساده بودم,,,,,approved,[],,False,,
793,دنبال کفشام ميگشتم که ديدم تو,,,,,approved,[],,False,,
794,يه قلب کوچيک,,,,,approved,[],,False,,
795,روي گرد و غبار کفشم کشيدي,,,,,approved,[],,False,,
796,شيرين‌ترين چيزي بود که ديدمس,,,,,approved,[],,False,,
797,ميدونستم تو مال مني,,,,,approved,[],,False,,
798,"همون يارو لختِ که ياد ميزده ""يافتم""",,,,,approved,[],,False,,
799,"چرا ""لي"" بايد يه فرمول رياضي بنويسه؟",,,,,approved,[],,False,,
800,شايد يه جور کُد,,,,,approved,[],,False,,
801,يا يه زبون که اونا نمي‌فهمن,,,,,approved,[],,False,,
802,اصل ارشميدس بيان ميکنه که هر شي‌‌اي که به طور کامل يا جزيي,,,,,approved,[],,False,,
803,در يک ماده‌ي سيال فرو مي‌رود برابر با وزن ميزان ماده‌ي سيال که توسط آن شيء جا‌ به جا مي‌شود,,,,,approved,[],,False,,
804,جابجايي آب قايق‌ها آب رو جابجا ميکنن,,,,,approved,[],,False,,
805,داره سعي ميکنه بهمون بگه چطوري قراره اونو از کشور خارج کنن,,,,,approved,[],,False,,
806,با گارد ساحلي تماس بگير,,,,,approved,[],,False,,
807,عکس‌هاي برادرها و ژيائوپنگ لي,,,,,approved,[],,False,,
808,رو به همه‌ي بنادر ساحلي شرقي بفرست,,,,,approved,[],,False,,
809,چي ميخواي بهش بگي؟,,,,,approved,[],,False,,
810,با ژيائوپنگ لي به کجا رسيديم؟,,,,,approved,[],,False,,
811,دارن سعي ميکنن با کشتي از کشور خارجش کنن,,,,,approved,[],,False,,
812,درحال حاضر داريم فهرست محموله‌هاي کشتي رو ميگرديم.,,,,,approved,[],,False,,
813,منتظر ردينگتون‌ ـم هنوز پيداش نشده,,,,,approved,[],,False,,
814,دارم بهت ميگم کين.,,,,,approved,[],,False,,
815,اون ازمون سوء استفاده کرده,,,,,approved,[],,False,,
816,يادته که چيکار کردن,,,,,approved,[],,False,,
817,خودتم اون روز روي پُل بودي,,,,,approved,[],,False,,
818,ازت ميخوام اونجا باشي,,,,,approved,[],,False,,
819,بهت زنگ ميزنم,,,,,approved,[],,False,,
820,از پليس فدرال و برادران پاولويچ استفاده کردي که تام رو بگيري,,,,,approved,[],,False,,
821,و چي، ژيائوپنگ رو گير بياري؟,,,,,approved,[],,False,,
822,يه معالمه گُنده بکني؟,,,,,approved,[],,False,,
823,سر رازهاش معامله کني؟,,,,,approved,[],,False,,
824,من احتياجي که جنگ افزار ميکربي ندارم,,,,,approved,[],,False,,
825,و سوء استفاده‌ات از پليس فدرال چي؟,,,,,approved,[],,False,,
826,اگه توي اين رابطه منافع متقابل,,,,,approved,[],,False,,
827,وجود نداشت، ادامه نميدادمش,,,,,approved,[],,False,,
828,سعي کردم سر جونش چونه بزنم و مذاکره کنم،,,,,,approved,[],,False,,
829,ولي مذاکراتمون يک طرفه بود,,,,,approved,[],,False,,
830,ديگه فقط تونستم تام رو بدست بيارم,,,,,approved,[],,False,,
831,اگه برگرده چين,,,,,approved,[],,False,,
832,بگو ببينم چي ميدوني,,,,,approved,[],,False,,
833,فکر ميکنيم دارن ميبرنش توي يه کشتي باري مطمئن نيستيم,,,,,approved,[],,False,,
834,دارين محموله‌ها، جداول زماني ورود و خروج,,,,,approved,[],,False,,
835,و مسيرهاي باربري رو ميگرديم,,,,,approved,[],,False,,
836,اون محموله نيست، ليزي,,,,,approved,[],,False,,
837,ميخوان قاچاقش کنن.,,,,,approved,[],,False,,
838,اين يه عمليات قاچاقه,,,,,approved,[],,False,,
839,و بدون اطلاع رالف سيسکو هيچ محموله‌‌ي قاچاقي به چساپيک,,,,,approved,[],,False,,
840,وارد يا از اون خارج نميشه,,,,,approved,[],,False,,
841,به دونالت بگو يه قرار ملاقاتي باهاش بذاره,,,,,approved,[],,False,,
842,چرا اينقدر واسش مهمي؟,,,,,approved,[],,False,,
843,يه رابطه‌ي پدر/ دختري داريد؟,,,,,approved,[],,False,,
844,بابايي مياد اينجا؟,,,,,approved,[],,False,,
845,قراره مجبورم کنه حرف بزنم؟,,,,,approved,[],,False,,
846,نه، اون اينکارو نميکنه,,,,,approved,[],,False,,
847,راجع به برادران پاولويچ واسمون بگو,,,,,approved,[],,False,,
848,واسه کي کار ميکني؟,,,,,approved,[],,False,,
849,حرفي واسه گفتن ندارم,,,,,approved,[],,False,,
850,جرات اينکارو نداري,,,,,approved,[],,False,,
851,تورو خدا منو از اينجا بياريد بيرون,,,,,approved,[],,False,,
852,منو بياريد بيرون.,,,,,approved,[],,False,,
853,منو بياريد بيرون,,,,,approved,[],,False,,
854,آروم، آروم باش.,,,,,approved,[],,False,,
855,ما آدم خوباييم,,,,,approved,[],,False,,
856,ميخوام بذارمت زمين,,,,,approved,[],,False,,
857,انگشت شَستم رو شکستي,,,,,approved,[],,False,,
858,اگه دنبال ترحم و دلسوزي ميگردي,,,,,approved,[],,False,,
859,بهتره با صداقت شروع کني,,,,,approved,[],,False,,
860,يه مثال از صداقت واست ميزنم تام,,,,,approved,[],,False,,
861,به مدت دو سال واسم پنکيک درست مي‌کردي,,,,,approved,[],,False,,
862,حالم از پنکيک به هم مي‌خوره,,,,,approved,[],,False,,
863,اينو گوش کن,,,,,approved,[],,False,,
864,اگه ميخواي به يکي دستبند بزني،,,,,,approved,[],,False,,
865,نبايد انگشت شستش رو بشکني,,,,,approved,[],,False,,
866,يکي رو بزن به مچ دستت اون يکي رو بزن به نرده‌ي پله‌ها,,,,,approved,[],,False,,
867,من نيومدم اينجا که بهت صدمه بزنم ليز,,,,,approved,[],,False,,
868,وظيفه‌ام هيچوقت اين نبوده که بهت صدمه بزنم,,,,,approved,[],,False,,
869,من يکي از آدم خوب‌هام,,,,,approved,[],,False,,
870,اون کسي که فکر مي‌کني نيست,,,,,approved,[],,False,,
871,مي‌تونم بهت ثابت کنم,,,,,approved,[],,False,,
872,مي‌دونم پيداش کردي,,,,,approved,[],,False,,
873,باهاش صندوق شماره‌ي 3929 بانک ردفورد رو باز کن,,,,,approved,[],,False,,
874,مي‌خواي جلوشو بگيرم؟,,,,,approved,[],,False,,
875,نه، فقط مي‌ذاريمش بچه‌ها تعقيبش کنن,,,,,approved,[],,False,,
876,راجع به مه سفيد بگو,,,,,approved,[],,False,,
877,مه سفيد يک پروژه‌ي مخفي بود که,,,,,approved,[],,False,,
878,پنج سال پيش توسط دولت چين شروع شد,,,,,approved,[],,False,,
879,مي‌خواي بهم بگي مامور کين چشه؟,,,,,approved,[],,False,,
880,و بهم نگو که نمي‌دوني,,,,,approved,[],,False,,
881,موضوع سر ردينگتون بوده؟,,,,,approved,[],,False,,
882,مشکلي پيش اومده؟,,,,,approved,[],,False,,
883,فکر مي‌کنم تو خونه يه سري مشکلات داره,,,,,approved,[],,False,,
884,از دستش دادم,,,,,approved,[],,False,,
885,تمام مدت نذاشتي از جلوي چشمت دور بشه,,,,,approved,[],,False,,
886,همين الانم افرادت دارن تعقيبش مي‌کنن,,,,,approved,[],,False,,
887,اين داستانا قراره چطوري تموم بشه؟,,,,,approved,[],,False,,
888,اين يه پايان ـه,,,,,approved,[],,False,,
889,و بعدش يه چيز جديد شروع ميشه,,,,,approved,[],,False,,
890,تو لياقت بهترين‌هارو توي زندگي داري ليزي,,,,,approved,[],,False,,
891,ميدونم شنيدن اين حرف,,,,,approved,[],,False,,
892,از کسي که بدترين‌هارو واست آورده عجيبه،,,,,,approved,[],,False,,
893,ولي اينکه تام,,,,,approved,[],,False,,
894,مهربون و باملاحظه باشه،,,,,,approved,[],,False,,
895,تو رو بخندونه و کاري کن عاشقش بشي هم بي دليل نيست,,,,,approved,[],,False,,
896,چون لياقتش رو داري,,,,,approved,[],,False,,
897,و بهشم ميرسي,,,,,approved,[],,False,,
898,""" تـــرجمه از سميـــرا و رضـــا "" Reza15043",,,,,approved,[],,False,,
899,دانلود فيلم و سريال با لينک مستقيم Mediasity.Us,,,,,approved,[],,False,,
900,مي‌خواي به بابات زنگ بزني؟,,,,,approved,[],,False,,
901,آره، مي‌خوام بهش بگم حالم خوبه .,,,,,approved,[],,False,,
902,"""ليزي"" مراقب شوهرت باش.",,,,,approved,[],,False,,
903,من فقط مي‌تونم به سمت حقيقت راهنمايي‌ت کنم.,,,,,approved,[],,False,,
904,نمي‌تونم کاري کنم که باورت بشه.,,,,,approved,[],,False,,
905,"خودشو ""جولين پارکر"" معرفي مي‌کنه.",,,,,approved,[],,False,,
906,"""اليزابت کين"" همسرت نيست، هدفته.",,,,,approved,[],,False,,
907,فهميدن اينکه کي هست و براي کي کار مي‌کنه.,,,,,approved,[],,False,,
908,بقيه‌اش رو بعدا مي‌فهميم.,,,,,approved,[],,False,,
909,بهت قول ميدم.,,,,,approved,[],,False,,
910,چه مشکلي پيش اومد؟,,,,,approved,[],,False,,
911,ازش دور شين!,,,,,approved,[],,False,,
912,ازش دور شين !,,,,,approved,[],,False,,
913,نبايد اينجا رو ترک کنه.,,,,,approved,[],,False,,
914,قلبش ديگه نميزنه.,,,,,approved,[],,False,,
915,نمي‌تونه از اينجا بره.,,,,,approved,[],,False,,
916,بايد بريم بيمارستان .,,,,,approved,[],,False,,
917,گفتم نمي‌توني بري.,,,,,approved,[],,False,,
918,شنيدي چي گفتم؟,,,,,approved,[],,False,,
919,بايد بريم بيمارستان.,,,,,approved,[],,False,,
920,همين الان بايد بريم بيمارستان.,,,,,approved,[],,False,,
921,محموله منتقل شده، در راهيم.,,,,,approved,[],,False,,
922,دوازده سي‌سي اپينفرين.,,,,,approved,[],,False,,
923,ببين، اون چيه؟,,,,,approved,[],,False,,
924,جلوشونو بگيرين، آمبولانس رو نگه داريد.,,,,,approved,[],,False,,
925,داري دنبال چي ميگردي؟,,,,,approved,[],,False,,
926,به آدرنالين بيشتري نياز داريم.,,,,,approved,[],,False,,
927,جلوي دهنش رو بگير.,,,,,approved,[],,False,,
928,چيزي نيست، چيزي نيست.,,,,,approved,[],,False,,
930,حالت خوب ميشه، استراحت کن.,,,,,approved,[],,False,,
931,تا صبح ميرسي آمريکا.,,,,,approved,[],,False,,
932,به واشنگتن دي‌سي مي‌بريمت.,,,,,approved,[],,False,,
933,ميدوني که زنداني کجا قرار بود منتقل بشه؟,,,,,approved,[],,False,,
934,باشه ترتيبش رو ميديم.,,,,,approved,[],,False,,
935,داريم برمي‌گرديم واشنگتن.,,,,,approved,[],,False,,
936,از مورد مفقودي به تحقيقات قتل تبديل شده؟,,,,,approved,[],,False,,
937,و تو کليدهاي منو نديدي؟,,,,,approved,[],,False,,
938,ديوانگيه، مگه نه؟,,,,,approved,[],,False,,
939,آره، چي شده؟,,,,,approved,[],,False,,
940,پليس ميگه که يه مظنون دارند.,,,,,approved,[],,False,,
941,امکانش نيست که همونطور که گفته بود شهر رو ترک کرده باشه؟,,,,,approved,[],,False,,
942,"رفته باشه به ""ديتون""؟",,,,,approved,[],,False,,
943,خوني رو پيدا کردن که متعلق به اون بوده.,,,,,approved,[],,False,,
944,تو هر روز اينجور چيزها رو مي‌بيني.,,,,,approved,[],,False,,
945,مردم صدمه مي‌بينند و کشته ميشن و من دوست ندارم.,,,,,approved,[],,False,,
946,که تا جايي که مي‌توني مراقب باشي.,,,,,approved,[],,False,,
947,کنار کامپيوتر، کليدهات رو اونجا ديدم.,,,,,approved,[],,False,,
949,بايد براي خودم برگه تاخير پر کنم.,,,,,approved,[],,False,,
950,زير روزنامه بودن.,,,,,approved,[],,False,,
951,بدون تو بايد چه کار مي‌کردم؟,,,,,approved,[],,False,,
952,بايد سريع برم.,,,,,approved,[],,False,,
953,امشب براي شام بيا بريم همون رستوران تايلندي ــه.,,,,,approved,[],,False,,
954,ميدونه که يه اتفاقي داره مي‌افته.,,,,,approved,[],,False,,
955,مي‌تونم حسش کنم.,,,,,approved,[],,False,,
956,"""تام"" داره سخت تعقيبت ميکنه.",,,,,approved,[],,False,,
957,"""جولين پارکر"" رو کشته.",,,,,approved,[],,False,,
958,حس کردم اگر بهت بگم طوري رفتار ميکني که تو رو لو ميده.,,,,,approved,[],,False,,
959,و گزارش مفقودي دادم.,,,,,approved,[],,False,,
960,"به تو و ""تام"" ميرسن و همينطور هم شد.",,,,,approved,[],,False,,
961,‎‌کارشون در چه حدي بوده، نمي‌دونم.,,,,,approved,[],,False,,
962,اگر با اون کار ميکرده چرا اونو کشته؟,,,,,approved,[],,False,,
963,شايد بهش دستور داده بودن.,,,,,approved,[],,False,,
964,ترسيده و واکنش نشون داده.,,,,,approved,[],,False,,
965,"اما ""تام"" دليل اينجا اومدنم نيست.",,,,,approved,[],,False,,
966,مي‌ترسم که يه اتفاق ديگه همين الان در جريان باشه.,,,,,approved,[],,False,,
967,"برادران ""پاولوويچ"" برگشتن.",,,,,approved,[],,False,,
968,که دختر ژنرال رو دزديدند.,,,,,approved,[],,False,,
969,در طول کشتار نژادي در جنگهاي يوگسلاوي بوده.,,,,,approved,[],,False,,
970,اون روز شش نفر رو از دست داديم.,,,,,approved,[],,False,,
972,تا آدمربايي و اخاذي براي بدست اوردن مخالفان سياسي ــه.,,,,,approved,[],,False,,
973,"""ردينگتون"" ميگه يه رابط داره.",,,,,approved,[],,False,,
974,"به دنبال يه دانشمند چيني به اسم ""شاوپينگ لي"" هستن.",,,,,approved,[],,False,,
975,در موردش چي ميدونيم؟,,,,,approved,[],,False,,
976,"که در استان ""يونان"" قرار داره.",,,,,approved,[],,False,,
977,که در زمينه بيماريهاي ميکروبي و ويروسي تخصص داره.,,,,,approved,[],,False,,
978,که مي‌خواد در مورد برنامه سلاحهاي مخفي صحبت کنه.,,,,,approved,[],,False,,
979,يک ماه بعد به خاطر خيانت زنداني شد.,,,,,approved,[],,False,,
980,تا ازش بازجويي بشه .,,,,,approved,[],,False,,
1252,انگشتم رو شکستي.,,,,,approved,[],,False,,
981,"که برادران ""پاولوويچ"" تا حالا از مسير باخبر شدن.",,,,,approved,[],,False,,
982,خب، پس مسيرش رو عوض مي‌کنيم مياريمش اينجا.,,,,,approved,[],,False,,
983,"کارهاي لازم رو با ""لانگلي"" هماهنگ کن.",,,,,approved,[],,False,,
984,"از ""اکو به تانگو"" محموله به نقطه مورد نظر رسيده.",,,,,approved,[],,False,,
985,30 ثانيه تا حرکت.,,,,,approved,[],,False,,
986,از اين طرف، سريع .,,,,,approved,[],,False,,
987,بهم گفتن وقتي که برسم جام امنه.,,,,,approved,[],,False,,
988,يه تهديد خيلي جدي داريم که تو رو هدف گرفته.,,,,,approved,[],,False,,
989,براي احتياط مسير رو عوض کرديم.,,,,,approved,[],,False,,
990,ببرينش توي هلي‌کوپتر.,,,,,approved,[],,False,,
